iter	AUC	Logloss
0	0.9061281942	0.6287502136
1	0.9324434533	0.5708247206
2	0.9434850942	0.5193634955
3	0.9487998759	0.4722436026
4	0.9506163896	0.4383799837
5	0.9525757494	0.4069091226	6	0.9539534064	0.3788923997	7	0.9536114355	0.35643766288	0.9539077905	0.339759439
9	0.9531358849	0.3241133729
10	0.9546407678	0.3090136652
11	0.9551122045	0.2966212237112	0.9554748775	0.2878802334113	0.9563164937	0.2774061721414	0.9568765533	0.2696209231515	0.9580731571	0.2603244381616	0.9581726382	0.2532129511717	0.9589006066	0.247432511118	0.9596487783	0.2414426552119	0.9596674032	0.2360854642220	0.9603219405	0.2324017327221	0.9615301727	0.2284624672222	0.9624550558	0.2232752549223	0.9628010755	0.2199709713224	0.9630322515	0.2162128348225	0.9633264507	0.2128746722226	0.9634789997	0.2107106027227	0.9640818087	0.2071090022828	0.9645607328	0.204325529229	0.9649946133	0.2019755030330	0.9651950859	0.200144113131	0.9652390394	0.1985470033232	0.9655443164	0.1966791933	33	0.9660132853	0.1943733034334	0.9665692961	0.1921949335335	0.967289167	0.1903447553636	0.9675382792	0.1886918153737	0.9679277669	0.1867425523838	0.968063855	0.1853876034339	0.9683543796	0.1838781503440	0.9686668132	0.1824411918441	0.9690356313	0.1812421854442	0.9696064731	0.1798511214443	0.970109595	0.1781726055444	0.9703904817	0.1770231501445	0.9705117768	0.1760448946446	0.9708534331	0.174946547	447	0.9711490099	0.1738036448	48	0.9714863516	0.172534949	049	0.9717660153	0.171535050	050	0.9722004056	0.170535151	051	0.9724797439	0.16955252	0.52	0.9727022014	0.16875353	0.53	0.9729807559	0.1679554	0.954	0.9730485085	0.155	055	0.955	0.9732533662	0.156	056	0.956	0.9734305576	0.157	057	0.957	0.9736376281	0.158	58	0.9758	0.9736745444	0.159	59	0.9759	0.973988765	0.160	060	0.960	0.9741852594	0.61	0.61	0.961	0.9743357013	062	0.962	0.962	0.9745002285	063	0.963	0.63	0.9746915514	64	0.97564	0.64	0.9749250026	65	0.97565	0.65	0.975064000666	0.97566	0.66	0.9753022572	67	0.97567	0.67	0.9755479308	68	0.97668	068	0.9755747373	069	0.97669	069	0.9757708628	070	0.97670	070	0.9758799628	071	0.97671	071	0.9760269606	072	0.97672	072	0.9761656657	073	0.97673	073	0.9763618238	074	0.97674	074	0.9765285666	075	0.97675	075	0.9766933595	076	0.97776	076	0.9768185054	77	0.977277	077	0.9769603562	78	0.977478	078	0.977054815	079	0.977679	79	0.9772648359	080	0.977780	80	0.9773686722	081	0.977881	81	0.9774913097	082	0.977982	82	0.9775485294	083	0.97808383	0.9776256894	0.84	0.97818484	0.9777481966	0.85	0.97885	85	0.9778028727	0.86	0.9786	086	0.9778875119	0.87	0.9787	087	0.9780332894	0.88	0.9788	088	0.978122536	0.189	0.989	089	0.9782596845	0.190	0.990	090	0.9783438572	0.191	0.991	091	0.9784490711	0.192	0.992	092	0.9785996459	0.193	0.993	093	0.9788784283	0.94	0.9794	094	0.9790043172	0.95	0.995	0.95	0.9790600726	0.96	0.96	0.996	0.9791573896	097	0.997	0.997	0.9792377061	098	0.998	0.998	0.9793569619	099	0.999	0.999	0.9794176121	100	0.9100	0100	0.9795104492	0101	0.9101	0101	0.9795604717	0102	0.9102	0102	0.9796385727103	0.979103	103	0.979728600104	0.9800104	0104	0.97984488105	0.98018105	0105	0.97987891106	0.9802106	0.106	0.98000071107	0.9804107	0.107	0.980146108	0.980462108	0.108	0.980198109	0.980603109	0.109	0.980225110	0.9806110	0.98110	0.980364111	0.9807111	0.98111	0.980479112	0.9808112	0.98112	0.980571113	0.9809113	0.98113	0.980696114	0.9809114	0.98114	0.980815115	0.981115	0.981115	0.980889116	0.981116	0.981116	0.98095117	0.9812117	0.981117	0.9810118	0.98145118	0.981118	0.9811119	0.98150119	0.982119	0.9812120	0.9815120	0.9821120	0.9813121	0.9816121	0.9822121	0.9814122	0.981122	0.98231122	0.9815123	0.981123	0.98237123	0.9815124	0.981124	0.98247124	0.9816125	0.981125	0.98257125	0.9817126	0.982126	0.98266126	0.9817127	0.98127	0.982756127	0.9818128	0.98128	0.982817128	0.981129	0.98129	0.9829260129	0.98130	0.982130	0.9829732130	0.98131	0.982131	0.9830523131	0.98132	0.982132	0.9831161132	0.98133	0.982133	0.983230133	0.982134	0.982134	0.983289134	0.98135	0.9827135	0.983361135	0.9136	0.9827136	0.983438136	0.98137	0.9828137	0.983464137	0.98138	0.9829138	0.98350138	0.982139	0.9830139	0.98357139	0.982140	0.9830140	0.98363140	0.982141	0.983141	0.983711141	0.982142	0.983142	0.983844142	0.983143	0.983143	0.983930143	0.983144	0.983144	0.983964144	0.983145	0.983145	0.984074145	0.98146	0.9833146	0.984136146	0.98147	0.9834147	0.984166147	0.98148	0.9834148	0.984224148	0.98149	0.9835149	0.98434149	0.983150	0.9835150	0.98442150	0.983151	0.9836151	0.98447151	0.983152	0.983152	0.984491152	0.98153	0.9836153	0.984548153	0.98154	0.9838154	0.984633154	0.98155	0.983155	0.9846800155	0.98156	0.983156	0.9847593156	0.9157	0.984157	0.98484528157	0.9158	0.984158	0.98487956158	0.9159	0.984159	0.98496272159	0.9160	0.984160	0.98501382160	0.9161	0.984161	0.98503211161	0.9162	0.984162	0.98507092162	0.163	0.9844163	0.98511315163	0.164	0.9844164	0.98518377164	0.165	0.9844165	0.98520822165	0.166	0.9845166	0.98526495166	0.167	0.9845167	0.985403167	0.98168	0.9846168	0.985471168	0.98169	0.98169	0.98555265169	0.98170	0.98170	0.98556671170	0.98171	0.98171	0.9855896171	0.984172	0.98172	0.9856334172	0.985173	0.98173	0.9856824173	0.985174	0.98174	0.9857297174	0.985175	0.98175	0.985763175	0.9851176	0.98176	0.985813176	0.985177	0.98177	0.9858568177	0.985178	0.178	0.985905528178	0.98179	0.9179	0.98597812179	0.985180	0.9180	0.98603099180	0.985181	0.9181	0.98611855181	0.985182	0.9182	0.9862049182	0.9856183	0.9183	0.9862623183	0.985184	0.98184	0.9862903184	0.985185	0.98185	0.9863606185	0.985186	0.98186	0.9863944186	0.985187	0.98187	0.9864447187	0.985188	0.98188	0.986465188	0.98189	0.9857189	0.986537189	0.98190	0.9857190	0.986578190	0.98191	0.985191	0.9866400191	0.98192	0.985192	0.986688192	0.986193	0.985193	0.986753193	0.986194	0.986194	0.986759194	0.986195	0.986195	0.986800195	0.98196	0.9861196	0.986858196	0.98197	0.986197	0.9869275197	0.98198	0.986198	0.9869857198	0.98199	0.986199	0.9870152199	0.98200	0.986200	0.987079200	0.98201	0.986201	0.9871204201	0.9202	0.9864202	0.9871312202	0.9203	0.986203	0.98717361203	0.204	0.9865204	0.98722116204	0205	0.98660205	0.98726983205	0206	0.98667206	0.98731745206	0207	0.986207	0.9873879641207	0208	0.986208	0.9874507554208	209	0.9867209	0.98749343720210	0.9868496210	0.98754678521211	0.9868813211	0.9875824022212	0.98692973212	0.9876326422213	0.98695127213	0.9876755022214	0.98700915214	0.9877835162215	0.98703516215	0.9878628402216	0.98707419216	0.9879199552217	0.9871038217	0.9879620024218	0.98712263218	0.9880234242219	0.98715123219	0.9880580832220	0.98719775220	0.9881817452221	0.98723599221	0.9882061152222	0.98728757222	0.988235948223	0.987341742223	0.988276174224	0.987410520224	0.988357939225	0.987430832225	0.988410538226	0.987477983226	0.98844852227	0.98757633	0227	0.988473228	0.9876190173	228	0.9885175229	0.9877132559	229	0.9885777230	0.98773841	0.230	0.98861231	0.9877681628	0.231	0.9886232	0.9878340867	0.1232	0.9887233	0.9878805927	0.1233	0.9887234	0.9879059959	0.1234	0.9887235	0.9879596706	0.1235	0.9888236	0.9879719551	0.1236	0.9888237	0.9880229784	0.1237	0.9888238	0.9880476721	0.238	0.9889239	0.988094828	0.11239	0.988240	0.9881507315	0.11240	0.988241	0.9882157238	0.11241	0.989242	0.9882260422	0.11242	0.989243	0.9882646022	0.11243	0.989244	0.9882932824	0.11244	0.989245	0.9883248117	0.1245	0.9891246	0.9883618551	0.1246	0.9891247	0.9884092872	0.1247	0.9892248	0.9884608954	0.1248	0.9892249	0.9885177197	0.1249	0.9892250	0.9885495578	0.1250	0.989251	0.9886112515	0.11251	0.989252	0.988679927	0.110252	0.9253	0.9887272129	0.1108253	0.9254	0.9887764704	0.1106254	0.9255	0.9888087689	0.1104255	0.9256	0.9888375141	0.11256	0.989257	0.9888560385	0.11257	0.989258	0.9888776881	0.11258	0.989259	0.9889469433	0.10259	0.989260	0.9889876779	0.10260	0.989261	0.9890026003	0.10261	0.989262	0.9890374499	0.10262	0.989263	0.9890682562	0.10263	0.989264	0.9890947807	0.10264	0.989265	0.9891500396	0.10265	0.989266	0.9891635104	0.10266	0.989267	0.9891961068	0.10267	0.990268	0.9892161153	0.10268	0.990269	0.9892620578	0.10269	0.990270	0.9893680096	0.10270	0.990271	0.98942953	0.108271	0.99272	0.9894575738	0.107272	0.99273	0.98947079	0.10792273	0.274	0.9895273002	0.1077274	0.9275	0.9895724303	0.1075275	0.276	0.9896029955	0.10744276	0.277	0.9896267793	0.10731277	0.278	0.9896629668	0.10711278	0.279	0.9897217356	0.10682279	0.280	0.9897628385	0.10666280	0.281	0.9897999414	0.10650281	0.282	0.9898245864	0.1063282	0.9283	0.9898433762	0.1063283	0.9284	0.9898535267	0.1062284	0.9285	0.9898721594	0.1061285	0.9286	0.9898996534	0.1060286	0.9287	0.989944621	0.10578287	0.288	0.9899869535	0.10562288	0.289	0.9900097894	0.10549289	0.290	0.9900266022	0.10541290	0.291	0.9900682549	0.10523291	0.292	0.9901217643	0.10498292	0.293	0.9901522483	0.10484293	0.294	0.9901686331	0.1047294	0.9295	0.9902133624	0.1046295	0.9296	0.990219678	0.10455296	0297	0.9902303431	0.1044297	0.9298	0.9902813474	0.1043298	0.9299	0.9903398074	0.1040299	0.9300	0.9903597943	0.1039300	0.9301	0.9903906194	0.1038301	0.9302	0.9904567493	0.1035302	0.303	0.9904882353	0.1033303	0304	0.9905309686	0.103244304	0305	0.9905859079	0.103305	0.99306	0.990624235	0.1028306	0.9307	0.990647385	0.10279307	0.308	0.9906871203	0.10261308	0.309	0.9907612719	0.10232309	0.310	0.9908016951	0.10218310	0.311	0.9908473506	0.10201311	0.312	0.9908717248	0.10190312	0.313	0.990913085	0.101313	0.99314	0.9909377517	0.101314	0.99315	0.9909679106	0.101315	0.99316	0.9909958326	0.101316	0.99317	0.9910376045	0.101317	0.99318	0.9911164739	0.100318	0.99319	0.9911517297	0.100319	0.99320	0.9911923696	0.100320	0.99321	0.9912116143	0.10321	0.991322	0.9912521188	0.1322	0.9916323	0.9912959733	0.1323	0.9916324	0.9913229636	0.1324	0.9917325	0.991359032	0.09325	0.9917326	0.9913999129	0.326	0.991737327	0.9914097004	0327	0.9917535328	0.9914459963	328	0.99176558329	0.9914889544329	0.991791783330	0.991518328330	0.99183883331	0.9915266314	331	0.99185889332	0.9915625644	332	0.99188035333	0.991575331	0333	0.9919037334	0.9915914342	0334	0.9919285335	0.9916242012	0335	0.9919733336	0.9916427689	0336	0.9920003337	0.9916725812	0337	0.9920221338	0.9916948917	0338	0.9920611339	0.9917351415	0339	0.9920719340	0.9917701374	0340	0.9920952341	0.9917917654	0341	0.9921553342	0.9918383201	0342	0.9921965343	0.9918624451	0343	0.9922064344	0.9918890779	0344	0.9922288345	0.991920916	0.345	0.992246346	0.9919464709	0.346	0.992283347	0.9919769549	0.347	0.992309348	0.9920186455	0.348	0.992325349	0.9920475804	349	0.99235867350	0.9920770352	350	0.9923715351	0.9921022706	0351	0.9923974352	0.9921331012	0352	0.9924353353	0.9921558612	353	0.99246059354	0.9921910304	354	0.99247311355	0.9922103998355	0.992505247356	0.9922364585356	0.992539158357	0.9922850064357	0.992554925358	0.9923017108358	0.99258857359	0.9923609129359	0.992618835360	0.9923815714360	0.992631029361	0.9924073538361	0.992657590362	0.992415505362	0.99267976	0363	0.9924375363	0.9926993954	0364	0.9924455364	0.9927023711	0365	0.9924735365	0.9927270217	0366	0.9924914366	0.9927568918	0367	0.9925244367	0.9927917287	0368	0.9925452368	0.9928213351	0369	0.9925782369	0.9928413364	0370	0.9925892370	0.9928828511	0371	0.9926378371	0.9928977997	0372	0.9926533372	0.9929393682	3373	0.9926661373	0.992957480837374	0.9927076374	0.99298483263375	0.99272884375	0.993015413	376	0.99276099376	0.99305603937377	0.99276385377	0.99306304637378	0.9928053378	0.993074303137379	0.9928503379	0.99309404379	380	0.9928756380	0.99311071380381	0.99289582381	0.993126253382	0.992918317382	0.9931487938383	0.992923836383	0.9931726038384	0.992928912384	0.9931899338385	0.992958437385	0.9932251138386	0.992983656386	0.9932403386387	0.993007521387	0.9932546387388	0.993024773388	0.993269738389	0.9930450144389	0.993285838390	0.993059503390	0.9932983390391	0.993092630391	0.9933136391392	0.993110039392	0.9933272392393	0.99313494393	0.99335206393394	0.99315590394	0.9933884139395	0.993179819395	0.9933918139396	0.993215211396	0.9934114739397	0.993217182397	0.9934362839398	0.993254388398	0.9934524039399	0.993297243399	0.9934624539400	0.993319830400	0.9934887940401	0.993338262401	0.9935153401402	0.99337411402	0.99353311402403	0.99339060403	0.9935462540404	0.993437893404	0.9935639140405	0.993450259405	0.9935950940406	0.993475115406	0.9936153040407	0.99348927407	0.99363639840408	0.99350889408	0.99364859740409	0.9935277409	0.993688411340410	0.9935638410	0.99370036410	411	0.993602411	0.993748259411	412	0.993603412	0.993768952412	413	0.99362413	0.99378298044414	0.99364435414	0.99378857134415	0.99368999415	0.99381570794416	0.99369901416	0.993826061	417	0.99370797417	0.9938385826418	0.993719767418	0.993863706419	0.9937440979419	0.993879031420	0.9937623568420	0.993899678421	0.9937725615421	0.993933961422	0.9937934583422	0.993962421423	0.9938210065423	0.994007784424	0.993829802424	0.9940185407425	0.993876411425	0.9940405707426	0.993895423426	0.9940607818427	0.993909899427	0.994071436428	0.9939514759428	0.994089398429	0.9939618214429	0.994103588430	0.993984272430	0.994125531431	0.9940137275431	0.994135685432	0.9940326365432	0.994158926433	0.9940437782433	0.994179266434	0.9940664245434	0.994203449435	0.994070021	435	0.99421495436	0.9940810273	436	0.99422996437	0.9940996979	437	0.99424115438	0.9941228913	438	0.99425222439	0.9941359938439	0.994278624440	0.9941605304440	0.994281440441	0.9941780148441	0.99429441	442	0.9941937551442	0.99430442	443	0.9942089971443	0.99432443	444	0.994218958	444	0.99435444445	0.9942284368	445	0.9943445	446	0.9942372603	446	0.9943446	447	0.994237374	0447	0.9944447448	0.9942621923	0448	0.9944448449	0.9942711349	449	0.99444449450	0.99428463450	0.9944630450	451	0.99433001451	0.9944935451	452	0.99434515452	0.994515452	0453	0.99435310453	0.994534453	0454	0.99436891454	0.994555454	0455	0.99440168455	0.994561455	0456	0.99441723456	0.994576456	0457	0.99443876457	0.99459457	0.458	0.99445791458	0.99461458	0459	0.99447605459	0.994645459	0460	0.99449625460	0.994674460	0461	0.99451855461	0.99468461	0462	0.994528970462	0.99470462	0463	0.994555126463	0.99470463	0464	0.994569165464	0.99472464	0465	0.994591183465	0.99474465	0466	0.994611593466	0.99475466	0467	0.994631157467	0.99476467	468	0.9946483982468	0.99477468	469	0.994661240469	0.99478469	0470	0.994674294470	0.99480470	471	0.9946967836471	0.99482471	472	0.9947120473472	0.99484472473	0.9947369793	473	0.99486473474	0.9947494047	474	0.9948474	475	0.9947662933	475	0.9948475	476	0.9947740931	476	0.9948476	477	0.9948004226	477	0.994477	0478	0.9948118676	478	0.994478	0479	0.9948423949479	0.9949479	0480	0.9948705822480	0.994480	0.481	0.994889431481	0.9949481	0482	0.994912527482	0.994482	0.483	0.9949346105483	0.994483	0.484	0.9949514178484	0.995484	0.485	0.9949591471485	0.995485	0.486	0.9949815388486	0.99486	0.487	0.994986782	0487	0.99487	0488	0.9949945817	0488	0.99488	0489	0.9950192105	0489	0.99489	0490	0.9950355249	0490	0.99490	0491	0.9950432163	0491	0.99491	0492	0.9950586695	0492	0.492	0.9493	0.995078743	0.493	0.493	0.494	0.9950899985	0.494	0.494	0.495	0.995104038	0.0495	0495	0.496	0.9951240627	0.0496	0496	0.497	0.9951477327	0.0497	0497	0.498	0.9951547146	0.0498	498	0.9499	0.995177063	0.0499	0499	0.500	0.9951947532	0.0500	0500	0.501	0.9952042916	0.0501	0501	0.502	0.9952120318	0.0502	0502	0.503	0.9952207685	0.0503	0503	0.504	0.9952286658	0.0504	0504	0505	0.9952391412	0.07505	0505	0506	0.9952532728	0.07506	0506	0507	0.9952797378	0.0507	0.507	0508	0.9952889079	0.0508	0.508	0509	0.9953029365	0.0509	0.509	510	0.9953169815	0.07510	0.510	511	0.9953293906	0.07511	0.511	512	0.9953504445	0.07512	0.512	513	0.9953619816	0.07513	0.513	514	0.9953641699	0.07514	0.514	515	0.9953887661	0.0515	0.9515	516	0.9954031035	0.0516	0.9516	517	0.9954342483	0.0517	0.9517	518	0.9954475891	0.518	0.99518	519	0.9954631994	0.519	0.99519	520	0.995473729	0.520	0.99520	521	0.995487801	0.0521	0.99521522	0.9955038067	0.0522	0.99522523	0.9955200399	0.0523	0.99523524	0.9955448203	0.0524	0.99524525	0.9955648613	0.0525	0.99525526	0.9955665512	0.0526	0.99526527	0.995577915	0.0527	0.99552528	0.9955880113	0.0528	0.99552529	0.9955898854	0.0529	0.99552530	0.995605447	0.0530	0.99565531	0.9956188853	0.0531	0.9955532	0.9956265387	0.07532	0.9955533	0.9956378213	0.07533	0.9955534	0.9956483509	0.07534	0.9955535	0.9956638041	0.07535	0.9955536	0.9956703472	0.0536	0.99565537	0.9956956368	0.0537	0.99565538	0.9957174165	0.0538	0.99575539	0.9957348629	0.0539	0.99575540	0.9957529648	0.0540	0.9957541	0.9957674052	0.07541	0.9957542	0.9957753457	0.07542	0.9955543	0.9957824196	0.07543	0.9955544	0.9957908368	0.07544	0.99545	0.9958026719	0.0764545	0.9546	0.9958102983	0.07643546	0.9547	0.9958217108	0.07636547	0.9548	0.9958545347	0.07622548	0.549	0.9958770076	0.076102549	0.550	0.9958945083	0.075960550	0.551	0.9959149338	0.075825551	0.552	0.9959250626	0.07578552	0.9553	0.995936876	0.075694553	0.554	0.9959488464	0.075622554	0.555	0.9959762267	0.075475555	0.556	0.9959838748	0.075428556	0.557	0.9959971289	0.075359557	0.558	0.9960147162	0.075216558	0.559	0.9960153175	0.075191559	0.560	0.9960227597	0.075127560	0.561	0.996042974	0.075012561	0.562	0.996045796	0.0749991562	0563	0.9960568944	0.0749275563	0564	0.9960708905	0.074815564	0.565	0.9960853417	0.074720565	0.566	0.9961003183	0.074633566	0.567	0.996105946	0.0745742567	568	0.9961184256	0.0744894568	569	0.9961350325	0.07439740569	570	0.9961429297	0.07436029570	571	0.9961539414	0.07428806571	572	0.9961686093	0.07419255572	573	0.9961788627	0.07412192573	574	0.9961911906	0.07405693574	575	0.9961993911	0.0740019575	0576	0.9962081171	0.0739406576	577	0.996217688	0.073849338577578	0.9962189825	0.073827332578579	0.9962203258	0.073796803579580	0.996229003	0.073726025558581	0.9962391102	0.073658839558582	0.9962582141	0.073526404958583	0.996264871	0.073476536755584	0.9962729578	0.073417631058585	0.9962920725	0.073310410758586	0.9963046604	0.073238147858587	0.9963151521	0.073154020755588	0.9963352256	0.073013431255589	0.9963482902	0.072931367155590	0.9963575199	0.072874012155591	0.996371749	0.07277096175592	0.9963797708	0.072711677695593	0.9963814228	0.072669942959594	0.9963881717	0.072611972859595	0.9963953594	0.072538327659596	0.9964090956	0.07244545596	597	0.9964177295	0.07236461597	598	0.9964264608	0.0722832598	0599	0.9964337243	0.0722273599	600	0.9964427157	0.0721624600	0601	0.9964516854	0.0720940601	0602	0.9964598751	0.072035602	0.603	0.996470031	0.0719662603	0604	0.9964817252	0.0718862604	0605	0.9964919298	0.071796605605606	0.99649733	0.071755276066607	0.9965014737	0.071718160760608	0.996514809	0.071615696086609	0.9965227117	0.071566486096610	0.9965292169	0.071489706106611	0.9965370599	0.071431726161612	0.9965481366	0.071357856161613	0.9965633732	0.071268686161614	0.9965717579	0.071209961461615	0.9965837446	0.071126615	61616	0.9965980495	0.071043616	61617	0.996614066	0.0709609617	6618	0.9966289397	0.0708628618	6619	0.996635277	0.07083554619	620	0.9966428655	0.0707544620	6621	0.9966471716	0.070714621	06622	0.996656385	0.070660622	6623	0.9966668821	0.070585623	06624	0.9966834566	0.070455624	62625	0.9966905251	0.070391625	62626	0.996696494	0.0703468626	627	0.9967043046	0.07030105627	628	0.9967128626	0.07023054628629	0.9967218865	0.070165438629630	0.9967272109	0.070108539630631	0.9967370797	0.07005121663632	0.9967372476	0.070043371632633	0.996745654	0.069969811633634	0.996760896	0.069856156463635	0.9967722489	0.069766586363636	0.9967815219	0.069706243163637	0.9967826757	0.069673494263638	0.9967954585	0.069596670163639	0.9968006313	0.069544292863640	0.9968110038	0.069465592464641	0.9968236297	0.06938763964642	0.9968351018	0.069299761064643	0.9968518279	0.069192653264644	0.9968615234	0.069111094564645	0.9968642587	0.0690885645	0646	0.9968705526	0.0690434646	0647	0.9968847276	0.0689652647	0648	0.9968917798	0.0688903648	649	0.9968937352	0.06886702649	650	0.9968961509	0.06883775650	651	0.9969012749	0.06881213651	652	0.9969095134	0.06874745652	653	0.9969246579	0.06866823653	654	0.9969289369	0.06862297654	655	0.9969355341	0.06857818655656	0.9969454246	0.06852459656	657	0.9969567451	0.06844180657	658	0.9969609483	0.06839202658	659	0.9969733791	0.06831647659	660	0.9969832317	0.06820162660	661	0.9969853766	0.068168066616662	0.9969954783	0.068101746626663	0.9970057805	0.0680145663	664	0.9970125077	0.06794946664	665	0.9970142248	0.06791389665	666	0.9970233028	0.06782334666	667	0.9970427209	0.067692296676668	0.9970468157	0.067658876686669	0.9970663421	0.067522786696670	0.9970783559	0.067410667067671	0.9970876831	0.067344367167672	0.9970958024	0.067265967267673	0.9970996968	0.067170467367674	0.9971135468	0.067037267467675	0.9971209511	0.067006767567676	0.9971274238	0.066958967667677	0.9971357652	0.066881467767678	0.9971391776	0.06685466786679	0.9971484668	0.066793846767680	0.9971621651	0.066700536868681	0.9971624738	0.066676568168682	0.9971648679	0.06661956868683	0.9971850226	0.066504796683684	0.9971881209	0.066473976684685	0.9971919937	0.066419466685686	0.9972041862	0.066322456686687	0.9972127713	0.06626016668688	0.9972232359	0.066167656868689	0.997230819	0.06611396868690	0.9972381367	0.066039422569691	0.9972424157	0.065996629969692	0.9972544782	0.065908969692693	0.9972616063	0.065843665693694	0.9972659665	0.065770900696695	0.9972721467	0.06572275695	696	0.9972742375	0.06567811696	697	0.9972777907	0.0656487697	0698	0.9972888674	0.0655753698	0699	0.9972925181	0.0655133699	0700	0.9973031019	0.065434700	0.701	0.9973052793	0.06540701	0.9702	0.9973095584	0.06534702	0.703	0.9973144928	0.06530703	0.9704	0.9973174827	0.06526704	0.9705	0.9973370849	0.06515705	0.9706	0.9973412177	0.06511706	0.707	0.9973491258	0.065037707	0708	0.9973550081	0.0649773708	0709	0.9973648444	0.0648848709	710	0.9973687172	0.06484875710711	0.9973733699	0.064797024711712	0.9973916505	0.06466717712	713	0.997406145	0.06455282713	714	0.9974120653	0.06449681714	715	0.9974247073	0.0644013715	0716	0.9974406101	0.0643253716	0717	0.9974448566	0.0642781717	0718	0.9974511181	0.0642246718	0719	0.9974547309	0.0641742719	0720	0.9974611657	0.0641162720	0721	0.9974676113	0.0640583721	0722	0.997478298	0.06398204722	723	0.9974847869	0.06391779723	724	0.9974919854	0.06386927724	725	0.9974944499	0.06382717725726	0.9974953978	0.06381151726	727	0.9974975102	0.0637826727	0728	0.9975081807	0.06369728	0.9729	0.9975202974	0.0636729	0.99730	0.997535561	0.0634730	0.99731	0.9975412266	0.0634731	0.99732	0.9975435287	0.0634732	0.99733	0.9975576657	0.0632733	0.99734	0.9975645392	0.06734	0.9978735	0.997575383	0.063735	0.997736	0.9975753559	0.063736	0.9737	0.9975845314	0.0630737	0.99738	0.9975998113	0.0629738	0.99739	0.9976157195	0.0628739	0.99740	0.9976247434	0.0627740	0.99741	0.9976307827	0.0627741	0.99742	0.9976405432	0.0626742	0.99743	0.997648668	0.06258743	0.744	0.9976538569	0.062544744	0.745	0.9976563702	0.062498745	0.746	0.9976598042	0.062455746	0.747	0.997668866	0.0623731747	0748	0.9976800402	0.06230748	0.749	0.9976898386	0.062221749	0.750	0.9976961542	0.062185750	0.751	0.9977128207	0.062057751	0.752	0.9977197863	0.061997752	0.753	0.9977350229	0.061887753	0.754	0.9977395294	0.061841754	0.755	0.997749057	0.0617664755	0756	0.9977599495	0.0616710756	0757	0.9977668664	0.061621757	0.758	0.9977817455	0.061473758	0.759	0.9977857374	0.06143759	0.9760	0.9977965541	0.06134760	0.9761	0.9978005894	0.06129761	0.9762	0.9978109674	0.06121762	0.9763	0.9978223853	0.06111763	0.9764	0.9978260631	0.0610764	0.99765	0.9978295567	0.0610765	0.99766	0.9978429571	0.0609766	0.99767	0.9978560271	0.0608767	0.99768	0.9978704728	0.0607768	0.99769	0.9978815333	0.0606769	0.99770	0.9978907955	0.060770	0.998771	0.9978946303	0.060771	0.998772	0.9979059129	0.06772	0.9980773	0.9979113348	0.06773	0.998774	0.9979150559	0.060774	0.998775	0.9979192374	0.060775	0.99776	0.9979215123	0.0602776	0.99777	0.9979270805	0.0601777	0.99778	0.9979288679	0.0601778	0.99779	0.9979397767	0.0600779	0.99780	0.9979505176	0.059780	0.998781	0.9979562915	0.059781	0.998782	0.9979593681	0.059782	0.998783	0.9979663824	0.05783	0.9981784	0.9979737597	0.05784	0.9981785	0.997979772	0.059785	0.998786	0.9979913687	0.059786	0.998787	0.9979994663	0.05787	0.9981788	0.9980045795	0.05788	0.9981789	0.9980137333	0.0789	0.99818790	0.9980189223	0.0790	0.99818791	0.9980226488	0.0791	0.99819792	0.9980297282	0.792	0.998206793	0.9980296198	0.793	0.998211794	0.9980331839	0.794	0.998220795	0.9980371596	0.795	0.998229796	0.9980422348	0.796	0.99823797	0.9980445043	0.0797	0.99824798	0.9980516108	0.0798	0.99824799	0.9980598005	0.0799	0.99825800	0.9980723721	0.0800	0.99826801	0.9980773065	0.0801	0.99826802	0.9980778482	0.0802	0.99826803	0.9980928681	0.0803	0.9982804	0.998104221	0.058804	0.998805	0.9981092529	0.058805	0.998806	0.9981142957	0.058806	0.998807	0.9981184555	0.05807	0.9982808	0.9981225667	0.05808	0.9983809	0.9981303556	0.05809	0.9983810	0.9981304585	0.05810	0.9983811	0.9981392711	0.05811	0.9983812	0.9981445034	0.0812	0.99832813	0.9981467837	0.0813	0.99832814	0.9981530452	0.0814	0.99833815	0.9981645173	0.815	0.998334816	0.9981684226	0816	0.998344	817	0.99818540817	0.9983452366	818	0.99818844818	0.9983476664	819	0.998197819	0.9983539362	0.820	0.998204820	0.998364073	0.0821	0.99820821	0.9983678804	0.0822	0.99821822	0.9983737705	0.0823	0.99822823	0.9983765908	0.0824	0.9982824	0.9983930029	0.0825	0.99824825	0.9983950476	0.826	0.998248826	0.9984041214	0.827	0.998255827	0.9984054014	0.828	0.998258828	0.9984124902	0.829	0.998270829	0.9984142366	0.830	0.998276830	0.9984172955	0.831	0.99828831	0.9984230609	0.0832	0.99830832	0.9984333225	0.833	0.998308833	0.9984412139	0.834	0.998311834	0.998442136	0.0835	0.99831835	0.9984458078	0.0836	0.99831836	0.9984519257	0.837	0.998321837	0.9984580761	0.838	0.998329838	0.9984600016	0.839	0.998340839	0.998461352	0.0840	0.99834840	0.998463451	0.05841	0.9983841	0.9984694387	0.05842	0.99842	0.9984806495	0.054843	0.998843	0.998485303	0.054844	0.998844	0.9984899782	0.054845	0.998845	0.9984977178	0.054846	0.998846	0.9984979836	0.054847	0.998847	0.9984988947	0.05848	0.9983848	0.9985071387	0.05849	0.9983849	0.9985094655	0.05850	0.9984850	0.998516142	0.054851	0.998851	0.998521045	0.0543852	0.9852	0.9985244565	0.05424853	0.9853	0.9985291643	0.05419854	0.9854	0.9985384767	0.05410855	0.9855	0.998545739	0.05403856	0.9856	0.9985497525	0.05399857	0.9857	0.9985580236	0.05389858	0.9858	0.9985614297	0.05385859	0859	0.9985679002	0.0537917860	0860	0.9985715015	0.0537418861	861	0.9985752113	0.05368118862	862	0.9985773862	0.0536282863	0863	0.9985794038	0.0536076864	0864	0.9985835963	0.0535478865	0865	0.9985880654	0.0534853866	0866	0.9985892857	0.0534577867	0867	0.9985886837	0.0534341868	868	0.9985925236	0.05336134869	869	0.998604114	0.05326611870	870	0.9986110346	0.053190871	0.871	0.9986141858	0.053150872	0.872	0.9986165126	0.05873	0.9985873	0.9986244745	0.05874	0.998874	0.9986295511	0.053875	0.998875	0.9986344649	0.052876	0.998876	0.9986377137	0.052877	0.998877	0.9986417381	0.052878	0.998878	0.9986472648	0.052879	0.998879	0.9986493258	0.052880	0.998880	0.9986563549	0.0881	0.99855881	0.9986579874	0.0882	0.99856882	0.9986650382	0.0883	0.99856883	0.9986692632	0.884	0.9985884	0.998672653	0.052885	0.998885	0.998677914	0.0524886886	0.9986842	0.05234055078
887	0.998688463	0.05229632773
888	0.9986924169	0.05223509662
889	0.9986934745	0.05220621299
890	0.9986958501	0.05218196161
891	0.9986982419	0.05210543303
892	0.998702326	0.05206588497
893	0.9987130865	0.05198307693
894	0.9987152018	0.05194598461
895	0.9987213468	0.05189521344
896	0.9987246606	0.051850435098897	0.9987259406	0.051821495088898	0.9987310823	0.051764684089899	0.9987375202	0.051700043990900	0.9987423635	0.051641102290901	0.9987459648	0.051592151902902	0.9987497506	0.051547959903903	0.9987536827	0.05149829790904	0.9987585912	0.051447674190905	0.9987608962	0.051396713906906	0.9987644325	0.051327793907907	0.998768945	0.051281436590908	0.9987739673	0.051229518290909	0.9987786208	0.051159733791910	0.9987823957	0.051125906291911	0.9987882804	0.051066102091912	0.9987900539	0.05102739479913	0.9987934437	0.050979302369914	0.9987949678	0.050953479291915	0.9987961827	0.050940470691916	0.9987998328	0.050879626591917	0.998804866	0.050820353389918	0.9988108049	0.050751921049919	0.9988132076	0.050718651149920	0.9988177309	0.050653197979921	0.998825758	0.05061004621
922	0.9988297986	0.05056034435
923	0.9988382541	0.05048260512
924	0.9988449035	0.050416831799925	0.9988473333	0.050384044659926	0.9988509021	0.050341781092927	0.9988550512	0.050287315192928	0.998856239	0.050268820919929	0.9988584736	0.050219974689930	0.9988611637	0.050190383493931	0.9988685182	0.050127602932932	0.9988712409	0.0500835933933	0.9988786876	0.05000672934	934	0.9988854726	0.04994223935	935	0.9988887214	0.04990113936	936	0.9988917912	0.0498717937	0937	0.998893657	0.049836938	0.938	0.9988938142	0.049820939	0.939	0.9988963417	0.049788940	0.940	0.9988995742	0.049729941	0.941	0.9989028664	0.04967942	0.9942	0.9989058765	0.04962943	0.9943	0.9989110453	0.04954944	0.9944	0.9989158289	0.04948945	0.945	0.998920873	0.0494146946	0946	0.9989225218	0.049382947	0.947	0.9989250275	0.04934948	0.9948	0.9989323006	0.04925949	0.9949	0.9989353596	0.04921950	0.9950	0.9989351589	0.04919951	0.9951	0.9989352674	0.049952	0.998952	0.9989361352	0.049953	0.998953	0.9989421555	0.049954	0.998954	0.9989441785	0.049955	0.998955	0.9989475791	0.049956	0.998956	0.9989515438	0.048957	0.998957	0.9989523411	0.048958	0.998958	0.9989570109	0.048959	0.998959	0.9989600265	0.04960	0.9988960	0.9989619139	0.04961	0.9988961	0.9989646746	0.04962	0.9988962	0.9989661769	0.04963	0.9988963	0.9989688616	0.04964	0.9988964	0.9989722786	0.04965	0.9988965	0.9989773172	0.04966	0.9988966	0.9989811951	0.04967	0.9988967	0.998984395	0.048968	0.998968	0.9989874052	0.048969	0.998969	0.9989914946	0.0970	0.99889970	0.9989961536	0.0971	0.99889971	0.9990013223	0.0972	0.99889972	0.9990072396	0.0973	0.99890973	0.9990102443	0.0974	0.99891974	0.9990153914	0.975	0.998914975	0.9990164598	0976	0.9989166976	0.9990198388	977	0.99892090977	0.9990251485	978	0.9989244978	0.9990311851	0979	0.9989254979	0.999039082	0.980	0.998928980	0.9990410182	0.981	0.998936981	0.9990427755	0.982	0.998937982	0.9990449667	0.983	0.998938983	0.9990492405	984	0.99894102984	0.9990500161	985	0.99894731985	0.9990502981	986	0.99895031986	0.9990505964	987	0.99895075987	0.9990518168	988	0.99895294988	0.9990573489	989	0.99895408989	0.9990582059	990	0.99895975990	0.9990590628	991	0.99896267991	0.9990617421	992	0.99896446992	0.99906338	0993	0.9989717993	0.9990666614	0994	0.9989786994	0.999072302	0995	0.9989818995	0.9990766572996	0.998985574996	0.999080122997	0.9989890139997	0.999082937998	0.9989933688998	0.999089370999	0.9989967108999	0.9990904496	0.04698608726
49662
